{"cameraMode":{"drawMode":0,"name":"Shaded","section":"Shading Mode"},"sceneLighting":false,"audioPlay":false,"sceneViewState":{"m_AlwaysRefresh":false,"showFog":true,"showSkybox":false,"showFlares":true,"showImageEffects":true,"showParticleSystems":true,"showVisualEffectGraphs":true,"m_FxEnabled":true},"in2DMode":false,"pivot":{"x":-0.07082605361938477,"y":0.3543093204498291,"z":0.43150389194488528},"rotation":{"x":0.0022695378866046669,"y":-0.7249026894569397,"z":0.6888444423675537,"w":0.002390089211985469},"size":1.866019606590271,"orthographic":false}